Uniprot ID,Gene Name,log abs.LFQ AgWTD06 Corrected,log abs.LFQ AgWTD17 Corrected,
A3QMC2;G5EFT4;A3QMC1,AP-1,4.959213963,5.065299701,
A3QMC5,rpl-34,5.981872491,6.551780954,
A3QMC6,erl-1,4.314639495,4.795672722,
A3QMC8,tag-335,5.238430456,5.349694898,
A4UVK2,,6.134463792,6.423531189,
A5HU98;P91425,guk-1,4.92741296,6.233511092,
O44199;A5JYU5,rad-50,4.116929116,4.514989082,
O01319;A5JYW9,sin-3,4.851011291,5.362502732,
P90947;A5JYX3,hmp-1,4.784729419,5.02023159,
A5JYX9,,4.513628432,5.922668374,
Q9U207;A5PEX6;G2HK02;G2HK03,pqn-87,5.310214435,5.35494555,
Q8WQA3;A5PEY3,rpom-1,3.78891898,4.453984863,
A5Z2T6;Q18960,,5.610724027,5.748405826,
Q564V0;Q95QM9;A5Z2V7,,4.959428536,5.417048497,
A5Z2W3,,5.798850854,5.991264398,
Q9XWW2;A7DTF0,mrg-1,4.515040749,4.95494088,
D3NQA3;A7DTF1;Q9XWR1,flh-1,4.51632949,5.276350318,
A7LPF3;Q20364,,5.110386941,5.827991751,
Q5FC71;A7LPG5,,4.893566395,6.409485996,
A8WHT8,,5.479938438,5.861317935,
A8WI97;Q9U1T6;Q8I4B8,,5.103744705,5.418444005,
Q17948;Q9U3Q1;A9UJN4,pptr-2,4.84828367,5.301072382,
A9UJN7;Q93562,,4.978575104,5.642122941,
G5EBT3;A9Z1L1;Q6QUQ5;Q6QUQ6,srp-7,5.489015251,5.748749334,
B0M0L8,hsp-43,7.596128918,7.799429298,
B0M0L9;Q9BIA9,,4.440562373,4.626089805,
B2D6M2;Q21769,lin-61,5.337496005,5.648523218,
Q95QZ3;B2MZA9;Q95QZ4;Q10923,ntl-2,5.17833378,5.271438591,
B3CJ34,gcn-1,5.938274095,5.952969948,
B5BM32;Q9XVS7,nxf-1,4.908714886,5.531017262,
Q9XTY7;B5BM47,,3.257633798,6.17953253,
B7FAS0;B7FAS1,mcd-1,4.269901241,4.843191913,
B7WNB3;O18202,clec-146,4.41086728,6.29609828,
C1P641;Q21313;C1P640;G5EEV6,epi-1,6.718386955,6.734927054,
C6KRM2;Q8I4M5;Q93342,gls-1,5.24082172,5.53487059,
Q1ZXT4;Q1ZXT3;C6KRN1,sao-1,5.821497735,6.263404506,
C6KRN4;Q5FC39,,4.794403715,5.210905965,
Q9NAH1;C7IVS4,,4.39122708,5.115815144,
P46551;C8JQR0;C8JQQ9,cdtl-7;cdk-12,3.896179823,4.272290636,
C9IY22;C9IY21,,6.120700363,6.356788821,
Q20414;D0VWM8;Q6BEV0,tdp-1,4.295476335,5.002570941,
D1MN85,ife-1,4.328682895,6.176602517,
D3YT50;Q21921,sir-2.1,4.249281593,5.135965595,
D6R8W9,rbc-1,3.743280599,4.351057902,
D7SFI3,,4.949885601,5.252703265,
E3W759;O17902,,5.648389374,7.177847434,
E8MDV8,,5.469956662,5.717086226,
Q22498;Q2XN02;F5GUA3,T14G10.5,5.711764496,6.051121141,
P34563;G1K0V8,iff-1,6.518747642,7.69777586,
G3MU56;G3MU57;P90897,,6.248358895,6.492234177,
G3MU69,ant-1.1,4.813203955,5.852969321,
G3MU81;O45624;G3MU80;O45623,math-33,5.536743803,6.04773204,
G4RYA5,,5.368529077,5.623459189,
G4SPY0;G4SPY1,,5.667694291,5.832643058,
G5EBF4,,5.753050238,6.015427004,
G5EBF5,rde-4,5.945588348,6.241541359,
G5EBK4,atg-7,3.723587314,5.333458547,
G5EBL8,,3.790227395,4.169196564,
G5EBV6;Q965J2,pgl-3,6.073025218,6.149768747,
G5EBX0,klp-18,5.208598189,5.752016805,
G5EBX6;Q8I129,crn-3,4.302226463,4.672176967,
G5EBY3,nmy-2,5.917515329,6.085392201,
G5EBZ4,let-418,5.227055155,5.532071565,
G5EC05,evl-14,3.766008873,3.815420323,
G5EC16;G5EFQ8,smn-1,4.344103787,5.804499145,
G5EC23,hcf-1,4.360020471,4.973672785,
G5EC31;Q86N72;Q6A593,alh-6,5.200223672,5.416768856,
G5EC71,gst-20,4.781186767,4.823230246,
G5EC77,ztf-6,4.483434724,5.23748715,
G5EC98,ctps-1,5.105740406,5.290080402,
G5ECC9,,5.067352703,5.114985478,
G5ECF4;G5EGL7,bmk-1,4.487292944,4.492746846,
G5ECH0,hda-3,4.726058786,5.245859718,
G5ECH1;G5EBK6,,4.213734629,4.331544264,
G5ECL1,,4.413165515,5.604072872,
G5ECM1;G3MU40,rrf-1,4.081245549,4.733457774,
G5ECM6,tufm-1,6.460992336,6.712734285,
G5ECM9;Q86S25,cpi-2,4.881479028,5.366575259,
G5ECQ4,sth-1,5.36978173,5.487311784,
G5ECQ5,pes-2.1,4.179982879,5.441938433,
G5ECQ8,cin-4,4.197783288,4.846078295,
G5ECR0,,6.550710358,6.64414636,
G5ECR1,mbd-2,4.587072318,5.517093382,
G5ECU1,skr-1,5.494141564,6.266470678,
P40614;G5ECU3,F01G4.6,5.772160338,6.09942551,
G5ECU5,,4.871941553,5.235484369,
G5ECW3,ehbp-1,4.79153188,4.855282392,
G5ECZ2;G5EDI2,ret-1,4.284173842,4.743555986,
G5ED07,pdi-3,5.783042212,6.088002315,
O62178;G5ED36,rme-8,5.600936439,6.016457389,
G5ED75;Q9XU12,klp-7,4.947163432,5.297439213,
G5ED95,yrs-2,5.661130415,5.737389172,
G5EDA3,hcp-4,3.661274283,4.432231498,
G5EDE2,hpl-2,3.929888399,6.008705034,
G5EDF5,tufm-2,5.326569424,5.41337342,
G5EDJ7,,5.256200972,5.551202877,
G5EDL3,air-1,6.017497569,6.692187719,
G5EDP9,aap-1,4.930863182,4.999710332,
G5EDQ4;G5EDV5;G5EF89;G5EGA4,cle-1,7.059501887,7.198768375,
G5EDR3,sur-6,4.551026363,5.199984945,
G5EDS2,pod-1,5.964016384,6.043734365,
G5EDU8;Q8WT44,cyk-3,3.974864484,4.816161033,
G5EDV3,cey-4,6.603061566,6.64060676,
G5EDY2,wars-1,6.163488181,6.581611226,
G5EDY3,skr-7,4.674243178,5.859523403,
G5EDY8;Q8WQC9,drp-1,5.937231167,6.089965848,
G5EE01,daf-18,4.848595278,5.608935838,
G5EE04,hip-1,6.061711069,6.580339295,
G5EE09;Q8I4B4;Q9U1P4;B3GWC3,ccr-4,4.9597234,5.565735759,
G5EE48,ttr-50,5.590797868,5.866440806,
G5EE74,nud-1,4.983625987,5.482529714,
G5EEA8,nex-1,4.346001718,4.969490778,
G5EEF0;G5EBW6,lea-1,3.715283632,3.820388243,
Q8MNV0-2;Q8MNV0;G5EEF8;Q8MNV0-3,spas-1,4.023716355,4.106797792,
G5EEI8,chp-1,4.747861307,5.553417768,
G5EEM5,zyg-9,5.334804147,5.365145623,
G5EEN1;G5ECI8;B1V8K6,fars-2,3.953108074,5.737717212,
G5EFK5;G5EES6,ufd-3,4.200269876,4.49916777,
G5EES9,txl,4.61539128,5.777074706,
G5EET2,dut-1,5.776063489,6.676155608,
Q5CZ43;Q6A4L2;G5EEV2,trr-1,3.475180714,4.077294171,
G5EEY5;Q565A2,pbrm-1,5.098422995,5.729651336,
G5EF05,,5.251463464,5.413040107,
G5EF26,,4.232064972,4.4494564,
G5EF77,sars-2,4.572038388,5.187447564,
G5EF87,swsn-1,5.989445386,6.338816684,
G5EFB5,cpn-1,5.593508938,6.985509088,
G5EFC1,rab-8,4.66025552,6.745671788,
G5EFD4,hmt-1,4.302153389,4.835328642,
G5EFI4,lec-5,6.100888764,6.484688164,
G5EFJ0;G5EGS3;B3GWD7;Q5FC31,klp-12,4.373982956,4.563546688,
G5EFJ4,capg-1,4.312694216,5.161520255,
G5EFJ5,,4.267427821,4.841282461,
G5EFK4,arf-3,5.121033184,6.363021087,
G5EFM0,mdf-1,4.696772612,4.767859336,
G5EG13,dhs-12,5.26366446,5.867586072,
G5EG18,crn-2,4.704364601,6.020826861,
G5EG26,R151.8A,3.985549214,5.731737307,
G5EG83;Q8MQ04;G5EC43,zen-4,4.255360708,5.534191929,
G5EGB1,lec-2,5.852282917,6.964195181,
G5EGB3,ragc-1,6.129924275,6.143000827,
G5EGK8,let-92,5.946859913,5.993345826,
G5EGL2;G2HK05,,5.940268401,6.516770307,
G5EGU1;Q8T3G5,egl-30,5.021025493,5.482026717,
O01422,csn-2,5.79259628,5.945725881,
O01427,air-2,5.059288872,5.637022759,
O01504,rpa-2,6.39893671,7.0108213,
O01541,aars-2,6.088158396,6.878752761,
O01542,cpn-3,5.642031844,6.573320632,
O01576,npp-11,4.904870609,5.185026163,
O01592;Q86NC6,cysl-3,4.773643557,6.604502213,
O01602;Q86NC2,nuo-2,5.925329592,6.248152903,
O01615,T19H12.2,5.735748045,7.21908059,
O01683,hmg-3,4.767095864,4.910855305,
O01685;Q86GU3,,5.498410384,5.578029864,
O01692,rps-17,6.395668968,7.142675899,
O01780,,6.77553144,7.596220799,
O01789;Q2A957,him-1,5.125135452,5.522668793,
O01802,rpl-7,7.14320976,7.662176323,
O01803,rab-11.1,4.557596382,6.066970209,
O01806,,5.744848038,6.000334385,
O01812,lbp-6,5.418127005,5.537170137,
O01816,cytb-5.2,4.777492695,5.660206336,
O01826,,5.797217728,5.910414877,
O01868,rpl-24.1,6.244509306,6.683248611,
O01869,rps-10,5.484452531,6.960538903,
O02053,san-1,4.676136746,5.350139826,
O02089,msra-1,3.832123652,4.475678494,
O02096,cas-2,5.164475994,5.502416061,
O02115,pcn-1,4.61208652,6.671498514,
O02141,,6.366874221,6.410028719,
O02220,mrpl-34,4.37137364,4.926860598,
O02225,gln-6,4.684448514,5.793638054,
O02238,pqn-27,6.284211925,6.680970946,
O02266;G3MU66,alh-7,5.161539463,5.19365524,
O02267,,5.445458662,5.947909571,
O02325;Q2EEM4;Q2EEM3,prmt-3,5.463301253,6.033843393,
O02334;D7SFP4,pri-2,4.688485452,5.824614477,
O02482,unc-37,4.827206922,5.278243588,
O02485,ZK1073.1,4.8433724,5.488110893,
O02639,rpl-19,6.982457777,7.034248541,
O02640,mdh-2,6.291013068,7.201114559,
O02642,sucl-2,4.808029,6.044316284,
O16202,lys-7,7.104071553,7.832730894,
O16259,sti-1,5.881703577,6.221399605,
O16294,F32D1.5,5.434138705,5.826558875,
O16297,mcm-7,6.259357726,6.743675798,
O16327,irg-1,4.6714367,4.901036177,
O16466,atg-18,4.862357603,5.38553773,
O16487,,4.938386694,5.021825588,
O16520,erf-1,5.807420585,6.626623433,
O16521,hpo-19,4.2539884,5.103205825,
O16619,dhs-13,5.232179463,5.69790899,
O16628,,4.099550831,4.948844222,
O16929,symk-1,4.012329442,4.665846135,
O16999,W03F9.1,6.010139878,6.246236481,
O17070,,5.503986633,5.732647545,
O17071-2;O17071,rpt-4,6.536431433,6.785370045,
O17218;A8WIR1,rps-22,5.930404733,6.584247737,
O17345,ttr-6,5.054188039,5.679668006,
O17365,srp-2,4.70514063,5.044568007,
O17369,,5.133189595,6.595446265,
O17570,rpl-38,5.526256906,6.094571939,
O17586,pas-1,4.44662176,5.511506806,
O17606,,5.306926037,6.139191581,
O17607,ruvb-1,5.907477536,5.924260025,
O17641;P91249,col-178,5.149677186,6.564253462,
O17687,nasp-2,6.365507886,7.777772991,
O17695,hda-1,6.001488643,6.192591262,
O17730,D2023.5,5.520777077,6.054050408,
O17759,tkt-1,6.296958065,6.695158253,
O17836;Q3S1I8;B7WNA0;O17835,pyk-1,6.263970456,6.272184222,
O17839,mrpl-54,4.472884937,5.134277785,
O17891,,5.508122331,6.888825544,
O17915,ran-1,5.994223644,6.743555986,
O17921,tbb-1,7.391445298,7.975467873,
O17944;Q564S2,,4.455277069,5.573214218,
O17954;G3MU72;D3YT80,,5.68794468,6.466046817,
O18156,,5.732106481,6.219040498,
O18199,mrpl-37,3.953733408,5.092714982,
O18224,,5.816533045,7.159515416,
O18229-2;O18229,Y57G11C.3,4.406099795,6.293707878,
O18240,rps-18,7.151386839,7.470226559,
O18650,rps-19,5.255469221,6.884325579,
O44144,perm-4,7.205109374,7.991900697,
O44145,perm-2,7.456286102,7.649000202,
O44175,rfc-2,6.169083892,6.555639891,
O44406,eri-1,4.016816727,4.396146277,
O44445,snpn-1,4.114477953,5.164739765,
O44451,C04C3.3,5.587949943,6.147637907,
O44480,rpl-20,6.067478173,6.450163413,
O44499,,4.324607577,4.708753935,
O44500,,3.89720224,4.710412539,
O44501,fnta-1,4.38106862,5.65685427,
O44512,isp-1,5.411663108,6.085463098,
O44517,,5.726691648,5.868575599,
O44549,acdh-3,5.232565649,5.298976186,
O44565,lam-1,6.795617539,6.917039151,
O44781,,4.546352216,4.907894232,
O44782,vpr-1,5.305417544,6.328095861,
O44952,C34B2.6,5.290975576,5.710916638,
O44992,,5.260311024,5.551519982,
O45087,dyci-1,5.67276698,5.686595051,
O45106,ech-5,4.827824566,5.671073942,
O45159,fbxa-65,4.890308779,4.948627562,
O45218,ads-1,4.228558405,4.698613895,
O45227,,7.102550582,7.798374391,
O45244,mog-4,4.291075546,4.367487762,
O45394,,5.03602789,5.276280038,
O45398;G1K106;G1K105,,5.123870276,5.441818426,
O45418,fkb-6,6.052589778,6.117489999,
O45495,uev-1,4.896954602,6.84504558,
O45496,,5.114946801,5.467746158,
O45499,rps-26,6.14320976,6.827705554,
O45551,ife-1,4.567572916,5.604617732,
O45596,,5.746208349,6.104366426,
O45599,cbd-1,7.045785729,7.186713922,
O45622;E9P8A2,erfa-3,6.059011797,6.451714802,
O45722;Q6BEV8,,5.139381797,5.529332885,
O45783,,4.074097347,5.251253819,
O45812,,5.956144732,6.383318653,
O45819,gyg-2,5.743373217,5.947767328,
O45904,lec-1,6.592180504,7.500008367,
O45934;Q86DA0,,5.017098584,5.330087471,
O45935,klp-19,4.864765155,5.687700283,
O45941,Y45F10C.2,7.525325318,8.344049393,
O45944,Y45F10C.4,5.599009974,6.863341602,
O61219,,4.291699838,5.085926375,
O61522,,5.069834452,6.428955275,
O61790,,4.306504187,5.491314129,
O61791,mrps-6,4.509265441,5.383703008,
O61792,rpn-8,5.538401283,6.423881568,
O61820,eif-3.E,5.147543653,5.779364868,
O61845,chd-7,3.372907995,3.457958053,
O61861,arx-7,5.105146493,5.75801554,
O61862,,4.135752129,5.837718044,
Q86S28;Q76NP4;O61907;Q86S27,lin-40,5.413570935,6.014933345,
O61931,ergo-1,5.081670722,5.12535604,
O61955-2;O61955-3;O61955,ife-3,5.03918592,6.606642572,
O62053,C08F11.11,5.789831322,7.595631606,
O62105;Q9U3L5,,5.218279457,5.937378408,
O62220,F33H2.3,4.546636724,6.643316993,
O62246,F45G2.4,5.081792124,5.731921969,
O62289,ttr-51,6.303065938,7.31550123,
O62317,,4.517139513,4.532305507,
O62327,gpx-2,5.45052546,6.813965672,
O62332;O62333,imb-2,5.156305405,5.203073943,
O62366,,5.649146061,5.985364911,
O62390,,7.196060603,7.329155041,
O62415,lys-1,6.264714589,6.583815198,
O62431;D3YT95;D3YT96,ers-1;qars-1,6.085298093,6.498894225,
O62432,dpy-4,5.731268394,6.37199355,
O62512,,4.821202924,4.927261119,
O62515,ZK550.6,5.723231776,5.961693411,
O76371,rpt-5,6.658671966,6.70783119,
O76384,mms-19,4.94205827,5.456382422,
O76447,hcp-1,5.349543597,5.956690232,
O76561,,3.794873985,4.620748951,
O76577,rpn-11,5.209443414,5.401394453,
Q965I6;O76618;Q4W4Y8,cars-1,5.292098914,5.917842077,
O76836,,5.129308152,5.479546971,
P02513,hsp-16.48,5.501661633,5.833413456,
P04255;Q27894;Q22979,his-11;his-4;his-39,6.73705658,7.364801809,
P05690,vit-2,7.182059576,7.942569833,
P06125,vit-5,7.478049722,8.273565578,
P09446,hsp-1,7.237144996,7.728511553,
P10299,gst-1,4.392772085,6.230787989,
P11141,hsp-6,6.569163124,6.978422364,
P17139-2;P17139,emb-9,4.651631637,5.080163078,
P17140;P17140-2,let-2,6.63108001,7.193867723,
P17331,gpd-4,6.467533165,6.539169902,
P17343,gpb-1,5.40299194,5.962859323,
P18334,kin-3,5.613206774,5.844133994,
P18947,vit-4,6.499764811,7.073302799,
P18948-2;P18948;P18948-3,vit-6,7.517057836,8.104476052,
P20163,hsp-4,5.887216579,6.743208344,
P27420,hsp-3,6.447128002,6.886521042,
P27604,ahcy-1,7.41192806,7.693830073,
P27639;P27639-2,inf-1,6.925996199,7.209555762,
P27798,crt-1,5.838971502,6.308966471,
P29691;G3MU53,eef-2,7.432977694,7.706841285,
P30632,asna-1,5.786290263,6.122701444,
P31161,sod-2,4.570786902,6.069393255,
P32744,cls-2,4.557183577,5.282421537,
P34183-2;P34183,hrs-1,3.82079723,5.169547185,
P34260,vps-33.1,3.875892235,5.184210227,
P34274,,4.489972657,5.482136113,
P34286,pbs-6,5.352048186,6.207090041,
P34308;P34308-4,clp-1,5.670535409,6.505826714,
P34331-2;P34331,plk-1,4.869012568,5.733138773,
P34334,rpl-21,7.125080521,7.287930341,
P34339,egl-45,6.005799654,6.064705207,
P34343,npp-15,4.737481453,5.573302898,
P34346,let-754,4.259290513,4.9560075,
P34382;G1K0V6,far-1,5.395433211,6.103336679,
P34388,mrps-9,5.825786646,6.031602122,
P34429,F44B9.8,6.02936826,6.422076601,
P34441;G5EF06,emb-30,5.348461072,5.764937539,
P34453,prx-19,5.113670347,6.133345953,
P34455;P34455-3;P34455-2,aco-2,6.66401995,6.831568071,
P34471;G3MTW9;Q9TZ34,pri-1,5.600985409,5.787021109,
P34476,rpac-19,4.858044277,5.763371935,
P34477,ubc-7,4.807610806,6.03034714,
P34496,mtss-1,4.58870618,4.934153158,
Q7JMS9;P34499,ttr-3,4.771953934,5.383703008,
P34500,ttr-2,6.062980503,7.014105047,
P34512,grp-1,4.709334105,5.06502542,
P34514,apc-2,4.758024439,4.798416637,
P34519;Q9BKQ2,K11H3.3,3.696473033,4.664540072,
P34529,dcr-1,3.465623039,5.086894932,
P34542,R05D3.9/R05D3.10,4.518185104,5.020484997,
P34546,vha-2,6.903256186,7.060029609,
P34556,cdk-1,6.098500871,6.775563458,
P34560,rmd-1,5.896241856,6.50350039,
P34574,chc-1,6.58795625,6.632744416,
P34580,T26G10.1,4.223025732,4.330490902,
P34607,mut-7,4.829925235,5.060861436,
P34617,ZK1236.1,5.036656846,5.52732663,
P34647;P34647-2,mcm-6,6.41845328,6.851551245,
P34650,ZK632.4,5.600881341,5.770705327,
P34661,tag-277,5.254070044,5.767791346,
P34662,rpl-35,6.364337834,6.451151302,
P34676-2;P34676,pcp-5,4.078441148,4.096798358,
P34685,cap-1,3.627253854,5.357488967,
P34690,tba-2,6.953135281,7.127628461,
P34696,hsp-16.1,5.786050498,6.327627754,
P34703,emb-5,5.552096325,6.149114579,
P34815-2;P34815;P34815-3,unc-18,5.101701144,5.826915065,
P36573,lec-1,5.767346322,6.586369575,
P41842,T20B12.1,5.078991262,5.673206753,
P41847,T20B12.7,4.629873278,5.99598727,
P41877,isw-1,5.553156824,5.790056975,
P41932,par-5,6.404524592,7.758502067,
P41988,cct-1,6.158599893,6.618900751,
P42000,B0280.9,4.567460524,4.632202777,
P42168,kin-19,6.287676185,6.688544367,
P42170,rnr-2,5.476747977,5.695265404,
Q8MQC6;P43510,cpr-6,5.493781316,5.745158727,
P45968,T09A5.8,4.353284257,4.825012,
P45969,T09A5.9,5.882600615,6.082727893,
P45970,lin-5,5.38308504,5.631815477,
P45971,T09A5.11,5.047080592,5.096107153,
P46550,cct-6,6.033412465,6.913131871,
P46561,atp-2,6.802753175,6.80285061,
P46577,gop-2,5.259505557,5.419076847,
P46769,rps-0,6.480794971,7.858108193,
P46822;P46822-3;P46822-2;P46822-4,klc-2,5.636669389,5.687291266,
P47207,cct-2,6.182557151,6.305596152,
P47208,cct-4,5.754814878,6.241617491,
P47209;Q8WQG4,cct-5,5.986306045,6.56881071,
P47991,rpl-6,6.484548578,6.852251532,
P48150,rps-14,6.729933178,7.079704662,
P48152,rps-3,6.489727572,7.029349225,
P48154,rps-1,7.178851819,7.517295183,
P48156,rps-8,6.867391509,6.969262802,
P48158,rpl-23,6.089293286,7.019610118,
P48727,gsp-2,5.3037946,5.670790664,
P49029,mag-1,4.510639242,6.647836633,
P49041,rps-5,6.490493991,6.811769397,
P49180,rpl-33,6.386388288,6.736537543,
P49196,rps-12,5.950679784,6.750910742,
P49197,rps-21,6.176889727,6.822691295,
P49405,rpl-5,7.354246821,7.592571812,
P49594,fem-2,5.605170282,6.256361048,
Q8MNS3;P49595,F42G9.1,5.884930647,6.085097579,
P49632;P0CG71,ubq-2;ubq-1,6.502591592,7.105935096,
P50093,phb-2,5.298582149,6.037384829,
P50306;Q86NI3;Q8I7M9;Q95QX7,sams-4,5.559439061,5.851616653,
P50432-2;P50432,mel-32,6.312694216,6.476344113,
P50444,R74.6,4.049702359,5.375978445,
P51403,rps-2,6.15176585,6.917312312,
P51404,rps-13,6.73038325,7.173616993,
P51875,goa-1,5.637587435,6.271545188,
P52009,cyn-1,5.307684335,6.290862701,
P52011,cyn-3,4.65028409,6.852848219,
P52015,cyn-7,5.551465641,6.93832067,
P52018,cyn-11,4.492274437,5.714403416,
P52275,tbb-2,6.799083657,7.256029792,
P52554,pfd-6,4.876606695,5.945153758,
P52652,T24H10.1,5.531869452,5.870386881,
Q86D21;P52709,tars-1;trs-1,5.793736626,6.755388165,
P52717,F41C3.5,4.957574353,5.941355681,
P52819,rpl-22,7.134123175,7.885320963,
P52821,rps-25,6.128164195,6.794597986,
P53013;Q86NF3;Q86NF4,eft-3,7.863362372,8.281832099,
P53016,rfc-4,5.437076831,5.988846097,
P53585,D1005.1,5.590528336,5.846872477,
P53589,C50F7.4,5.850218939,6.158350476,
P53596,C05G5.4,5.911897644,6.025785175,
P54412;Q8I4K9;Q2PJ76,F17C11.9;eef-1g,6.737494864,7.191225555,
P54811,cdc-48.1,6.401289087,7.111352991,
P54812,cdc-48.2,5.882728612,6.336314242,
P55155,vit-1,5.86699359,6.552172118,
P55954,cco-2,4.593832634,6.166544265,
P55955,ttr-16,5.059331483,6.368256199,
P61866;P61866-2,rpl-12,6.671462721,7.102996378,
P62784,his-1,6.696015899,7.259513701,
P90731,acly-2,6.003019348,6.344980421,
P90829,F10C2.4,4.733822902,4.782410709,
P90841,smgl-1,4.246673707,5.766985994,
P90868,pbs-7,4.677329524,5.636747017,
P90916,lin-53,6.099842037,7.34009286,
P90917,rba-1,5.050268329,5.367060265,
Q8MXS2;P90978-3;P90978;P90978-2,uaf-1,5.178301382,5.829636192,
P90994,djr-1.1,4.893940706,5.304247257,
P91001,csn-5,5.636680665,6.049838527,
P91011,,5.311599136,5.637894791,
P91020,,6.752532399,7.308444639,
Q5R3Y5;P91079,sptl-1,5.097643467,5.25573513,
P91128;P91128-2,rpl-13,6.490935844,6.683867725,
P91134;P91134-2,C37H5.6,5.630982909,6.163538661,
P91155,cdc-6,3.689110505,4.931922308,
P91243,dnj-9,4.325058431,4.533764799,
P91253;P91254,gst-7,4.745625253,5.554696877,
P91276,ima-2,6.091811287,6.6544482,
P91303,vha-10,5.311348784,5.834940454,
P91349,spd-5,5.615213606,6.091845319,
P91374,rpl-15,6.537785779,6.758756697,
P91400,klp-15,4.81188774,5.109324031,
P91401,,4.674610153,5.899273212,
P91427,pgk-1,6.176938481,6.639115749,
P91455,T19B4.3,5.093665648,5.581297945,
P91495,npp-12,3.886519376,4.548451147,
P91502,usp-5,6.265152499,6.753120059,
P91859;Q7YXB8;Q7YXB9,,4.670170192,5.238408404,
P91910,mec-12,5.583263528,6.052064427,
P91914,rpl-27,6.475197069,7.566529057,
P91917;E2JL06,tag-210,7.007843284,7.419000955,
P91918,snr-2,5.152746296,5.94187211,
P91997,,5.354862175,6.653903519,
P91998,,4.784528904,6.152758754,
P92199,let-502,5.442418184,5.711923085,
Q02335,ZK370.8,5.796398856,5.823648968,
Q03560;C0P269,B0464.2,4.5063982,4.688544367,
Q03565,baf-1,6.836807563,7.460793651,
Q03577,drs-1,6.14513739,6.778923265,
Q03604,rnr-1,6.31583318,6.865735914,
Q04908,rpn-3,5.361563524,5.640196482,
Q05036,C30C11.4,5.187105113,6.106273103,
Q06561;Q06561-2;Q06561-4;Q06561-5;G5EEI5;Q06561-3;G1K109,unc-52,7.230358339,7.402998618,
Q067X2,,6.691681246,7.836171753,
Q07750;Q07750-1,unc-60,5.396189146,6.773510422,
Q09236,C13B9.3,5.405514563,5.579937776,
Q09261,mrps-31,4.973802164,5.277508297,
Q09289,C56G2.7,5.68305733,5.713993148,
Q09293,mel-47,6.012305702,6.474544594,
Q09312;Q9N5M6,fbf-2;fbf-1,4.318551023,4.321337623,
Q09377,ZK673.3,4.77847001,5.806006554,
Q09422,pgam-5,5.984132926,6.784029377,
Q09475,C28H8.3,5.635755049,5.831851735,
Q09482,,5.21706622,5.301603143,
Q09486,,5.26366446,5.520791581,
Q09489,,5.029185611,6.064556457,
Q09508,sdha-1,5.924284149,6.028666098,
Q09512,ttll-12,5.73563134,5.9276299,
Q09525,pme-2,3.921776466,5.238485087,
Q09535,pch-2,5.27955378,5.7352081,
Q09543,paa-1,6.437032191,6.859917737,
Q09545,sdhb-1,4.552944931,5.514055071,
Q09567,,4.406550174,4.909426368,
Q09580;Q7JMN1;Q0G842,M106.4,4.829961365,4.843734573,
Q09590,emb-8,4.931921496,5.604304108,
Q09591,mix-1,5.467208453,5.71748086,
Q09599,cdl-1,3.620647031,5.571686074,
Q09603,ech-4,5.390492266,5.975453822,
Q09614;Q09540,ptc-1,4.677924687,5.00788432,
Q09629,ZK673.2,4.086460487,5.115484485,
Q09646,ham-3,4.476544226,4.608658015,
Q09974,,4.932948737,5.467610455,
Q09975,lys-8,5.474206491,5.572290867,
Q09996,lrs-1,6.204026706,6.556304317,
Q09EE7;Q94392,nsf-1,5.526395018,5.547736971,
Q0KHC0;Q9U1X4,mdt-9,4.167176797,5.636133628,
Q10039,grs-1,5.041078662,5.366832094,
Q10453;Q27489;Q27490,his-71,5.468970636,6.198095702,
Q10576,dpy-18,4.899486219,5.183188148,
Q10657,tpi-1,4.598739339,6.111722743,
Q10954,,4.368936586,4.698028771,
Q11067,tag-320,5.560891485,5.595243986,
Q11190,let-721,5.452804455,5.54991342,
Q17335;Q17335-2,H24K24.3,5.618700465,5.880399775,
Q17345,ccf-1,4.807306412,5.762191148,
Q17361,usp-14,5.094864787,6.61519669,
Q17390;Q17390-3;Q17390-2,cul-2,5.033909705,5.37060995,
Q17391,cul-3,5.162464514,5.809778065,
Q17411,,4.76822179,4.91911568,
Q17413,B0001.4,4.536197007,6.067362672,
Q17425,,4.686509376,5.008978262,
Q17430,,4.112785894,5.071324259,
Q17432,,5.642649558,6.857527912,
Q17436,,4.141784833,4.17447527,
Q17473,ttr-18,4.612014917,4.835842456,
Q17492,,4.825129564,5.881875024,
Q17499,,4.115733329,4.31078796,
Q17533,exos-4.1,3.553088482,4.48134784,
Q17539,,5.508304219,6.151027245,
Q17543,,4.842951843,4.906957544,
Q17568,,3.989144992,5.624989091,
Q17569,,6.258617814,6.475456393,
Q17572,,5.833881568,6.301536833,
Q17574;Q17574-2,tag-165,4.931892927,5.356409104,
Q17625,,5.70910511,6.520270916,
Q17632,dis-3,4.400532274,4.612466641,
Q17635,ndc-80,4.870100902,5.358333473,
Q17695,spdl-1,4.316788128,4.454148224,
Q17703;O17795,stdh-1,4.201361938,4.827873347,
Q17763,atp-5,6.061901721,6.645139515,
Q17792,ceh-58,4.403185024,4.518765491,
Q17796,hgrs-1,5.51686472,5.591960656,
Q17819;G3MU09,C08B6.8,4.403561291,5.642682589,
Q17820,aos-1,5.459850201,5.8552268,
Q17828;E9P872,C08F8.2,4.21659184,4.511015823,
Q17880,nuo-1,5.076704744,5.221838025,
Q17886,nasp-1,5.387620558,6.428138537,
Q17941;Q17941-2;Q17941-3,akt-1,5.79101846,6.280407213,
Q17963,wdr-5.1,4.71123297,5.526221203,
Q17967,pdi-1,6.12845501,6.781610085,
Q17968,nrde-1,4.258078903,4.422151958,
Q18034,nfx-1,4.079723665,4.526557076,
Q18074,,5.350895691,6.431519237,
Q18075,,5.723398038,5.998492842,
Q18143,C25A8.4,5.679608269,5.894559253,
Q18212;Q86GC6,hel-1,6.367911862,6.866467894,
Q18237,smc-5,4.249584141,4.909818773,
Q18240;Q7JMA9,spr-2,4.706073883,6.007623451,
Q18359,C33A12.1,5.588246293,5.616210026,
Q18403,swd-2.2,5.072839389,5.109138171,
Q18421,C34C12.8,3.764961117,4.624500739,
Q18445,cyn-12,4.537856571,5.932388014,
Q18493;A4UVJ9,C36A4.4,5.506565596,6.404099692,
Q18494,,4.526002373,5.027234261,
Q18508,mel-28,3.84842219,4.550381057,
Q18529,,6.755330004,7.194292378,
Q18547,rfc-3,5.234647984,6.025058815,
Q18577,,5.879968325,6.615051735,
Q18594,C44B7.5,5.451864955,6.326877731,
Q18599,,6.781227187,6.885796211,
Q18674,C47E12.7,4.927297479,4.976562397,
Q18678,srs-2,4.969762429,5.633547893,
Q18688,daf-21,7.409147488,7.924354864,
Q18691;Q18691-2;Q18691-3,C47E8.4,4.499246758,4.540931283,
Q18787,rpt-1,6.655676356,6.986071611,
Q18799,col-119,5.121181023,5.879962349,
Q18823,lam-2,6.98230517,7.019984376,
Q18841,rfc-1,4.188373219,5.624815868,
Q18886,vps-32.1,5.432599019,6.131029684,
Q18905,cgp-1,5.181239743,5.616434891,
Q18921,snap-1,4.346760772,5.880836762,
Q18943,,5.947990135,7.401999998,
Q18947,,7.050790108,8.106948328,
Q18983;O45608,,5.243199888,5.493386832,
Q19020,dhc-1,5.752963974,5.811933224,
Q19057;Q6AHQ5,acdh-12,6.440996105,6.669399921,
Q19063,,4.789752064,5.959133383,
Q19086,dpf-4,4.476364846,5.509272449,
Q19088,rabn-5,4.213943604,4.990973014,
Q19102,ard-1,5.377427593,5.655843584,
Q19126,asb-2,5.349958396,5.398963792,
Q19264,F09E5.3,5.789157167,6.60652759,
Q19265,,4.440101611,5.021566646,
Q19266,pkc-3,4.543287169,4.916041456,
Q19286-2;Q19286,ifb-2,7.997208158,8.116440163,
Q19289-2;Q19289,ifb-1,7.600464816,7.761513326,
Q19311,F10F2.2,4.347244115,4.960015096,
Q19324,rpn-5,5.425606658,5.709869007,
Q19326,asf-1,5.721129548,6.235368542,
Q19328,tsn-1,6.623614534,7.093159877,
Q19329,tag-151,4.328522448,4.890221206,
Q19360,uba-3,4.154991248,5.109633622,
Q19366,F12F6.7,5.554528206,5.612385608,
Q19371,sec-24.1,5.301641522,5.814220333,
Q19416,dylt-1,5.063233946,5.678792566,
Q19441,,5.406866118,6.421120946,
Q19467,git-1,4.638430551,5.082557742,
Q19491,rsd-6,5.674480972,6.274730996,
Q19520,,4.33565067,5.31550123,
Q19537,rpa-1,5.993604444,6.802735605,
Q19554,abcf-1,5.721523912,6.214202411,
Q19555,scc-3,5.055715996,5.086574133,
Q19642,czw-1,5.806391947,5.827300608,
Q19680,,6.834275227,7.215255246,
Q19683,F21D5.5,5.050181304,5.386520359,
Q19706,eif-3.G,5.146150343,5.434214749,
Q19713,frs-2,6.139027286,6.38216354,
Q19722,nrs-1,6.27353312,6.995792903,
Q19731,ekl-1,4.804672118,5.362560358,
Q19749,F23B12.5,5.916332448,6.100248517,
Q19775;Q7JLJ3;A8WHR6,ppm-1,5.850976871,6.223150634,
Q19818,nhl-2,4.511542674,5.684115123,
Q19823;Q20111,,4.245426331,5.42565415,
Q19824,cee-1,5.79923879,6.206182424,
Q19825;Q65ZK0;A5HU89,rrt-1;rars-1,6.22991265,6.471012816,
Q19826,rpb-8,5.004399637,5.483468541,
Q19853,,6.357250543,6.725761308,
Q19866,suf-1,4.786529896,5.071115763,
Q19869;Q19869-2;Q19869-3,rpl-26,6.210602918,6.60225172,
Q19877,rps-23,7.162514915,7.374887639,
Q19952,lsm-4,4.853311239,5.914079626,
Q19987,,4.849252383,5.003632246,
Q1XFY9,rps-24,7.362624514,7.477141512,
Q20034,,6.29902403,6.845822714,
Q20049,idhg-1,6.36846635,6.523365688,
Q20058,,6.025976749,6.298675901,
Q20060,smc-4,5.510541258,5.82709305,
Q20070,,5.092048456,5.66875982,
Q20077,pifk-1,3.795187216,4.353682937,
Q20117,gcs-1,5.043095908,5.675301097,
Q20121,acs-4,6.101643167,6.576500996,
Q20168,F38E11.5,6.026183748,6.232073865,
Q20206,rps-11,7.30471582,7.674697725,
Q20219,,6.364137239,6.740670537,
Q20224,lbp-2,5.646480844,6.844713452,
Q20228,rps-9,6.302189927,6.724323266,
Q20264,acs-11,5.111011566,5.538997209,
Q20306,abcf-3,5.986053915,6.50170561,
Q20363,sip-1,7.390402812,8.535509501,
Q20500,,3.577066785,3.687795665,
Q20616,,6.617470577,7.899373668,
Q20641,nmy-1,5.568378645,5.618693134,
Q20643,,4.887817811,6.656737209,
Q20647,rpl-25.2,6.177879989,6.371429347,
Q20655;Q95ZT1,ftt-2,4.724053229,7.097796004,
Q7JP52;Q20660,hsp-17,6.046181181,7.134974133,
Q20675,,3.20882475,3.711781291,
Q20684,lec-2,5.883783152,7.105081108,
Q20709,tra-4,4.384296462,4.541771163,
Q20719,F53F4.10,4.82927439,5.439000746,
Q20748,atad-3,5.230444548,5.424006635,
Q20751,iff-2,7.155162143,7.348833408,
Q20757,puf-5,4.715998142,5.417911704,
Q20790,,4.987865994,6.357488967,
Q20818,capg-2,4.675662839,5.625351062,
Q20819,tsfm-1,5.6380373,5.651777154,
Q20849,rod-1,5.460417414,5.595361994,
Q20938-2;Q20938,rpn-6.1,6.030917686,6.116587395,
Q20970;D3YT55,mrs-1;mars-1,6.217525281,6.742620316,
Q20992,,3.772407893,3.996476156,
Q21025,,4.373001126,5.216386222,
Q21053,vps-35,5.368529077,5.793200047,
Q21087;Q95ZS2,tdc-1,4.638042921,4.71005026,
Q21182,,4.823078929,4.938917145,
Q21193,pfn-3,4.138743468,4.96802823,
Q21215,rack-1,7.068793427,7.211518309,
Q21225,vacl-14,4.88422976,5.176390261,
Q21230,K04G2.1,5.107822258,5.775374182,
Q21274,,5.032529591,5.588429718,
Q21276,K07C5.4,6.504162611,6.794757768,
Q21284,,5.15805711,5.161501946,
Q21285,dao-3,4.417492399,4.968927745,
Q21307;Q7Z1P1,mek-1,5.493397245,5.649640326,
Q21323,rnp-3,5.263518038,6.273282581,
Q21351,,6.155315891,6.210415468,
Q21355,gst-4,3.868285494,4.356350656,
Q21432;Q21432-2,nas-11,6.407038355,6.467881819,
Q21444,cogc-2,3.887406532,4.442178348,
Q21484,hat-1,5.246604502,6.045615286,
Q21502,mep-1,4.845085457,5.233433525,
Q21541,,4.183230376,4.730578299,
Q21549,gss-1,4.961595131,5.431986023,
Q21557,dlc-2,4.73859756,5.035229153,
Q21568,M28.5,4.465104438,6.170619767,
Q21625,div-1,5.163739533,5.65778962,
Q21633,ubc-18,5.456815334,6.906241341,
Q21649,,4.672112742,4.845481704,
Q21746,sgt-1,5.95495429,6.511302297,
Q21752,R05G6.7,5.95692756,6.678486441,
Q21763,,4.511459938,6.976807585,
Q21776,bub-1,4.829527612,5.000970792,
Q21824,prdx-3,4.905751439,6.731355423,
Q21829,cku-80,5.157887351,5.521431543,
Q21831,snfc-5,5.731889187,5.974025348,
Q21898,vha-1,6.32899216,6.940061914,
Q21902,mcm-5,6.015404692,6.404335273,
Q21920;Q21920-2;Q21920-4,R11A8.7,5.151541929,5.213715625,
Q21926,irs-1,5.600385141,6.143859758,
Q21930,rpl-28,5.313418783,6.038340158,
Q21952,him-10,4.984487431,5.396199608,
Q21961,ran-5,4.207266646,4.712811463,
Q21966,asp-4,6.265218811,6.546361696,
Q22018,R53.2,4.040300296,5.845339538,
Q22020,,5.112804731,6.181473489,
Q22031,R74.7,4.865997197,5.207501968,
Q22037;Q22037-4;Q22037-3;Q22037-2,hrp-1,6.292584793,6.443471605,
Q22038,rho-1,5.101565853,6.292016567,
Q22047,trcs-2,4.341486077,4.500784474,
Q22054,rps-16,6.415461036,7.320036817,
Q22093,tftc-5,4.541451744,4.666819537,
Q22099;Q95ZQ3;Q2XN16,krs-1;kars-1,6.102183983,6.973454052,
Q22137;Q86G92,,5.6029519,6.084321877,
Q22161,sfxn-1.5,5.088138459,5.259732802,
Q22235;E9P859,enpl-1,5.364622732,6.1196829,
Q22240,,5.190803949,5.423431029,
Q22257,hcp-2,5.365486832,6.108564599,
Q22288,ttr-15,5.50803894,6.355648672,
Q22290;Q9U376,,4.733629015,5.531915533,
Q22342,atg-11,4.589096388,4.744190613,
Q22347,acdh-10,6.029619277,6.34910095,
Q22417,,5.432842491,5.855874932,
Q22429,,3.336428016,4.44092934,
Q22469,,4.761675778,5.706306319,
Q22499,ttr-54,5.226823423,5.334043497,
Q22516,chd-3,3.537651242,3.895742549,
Q22528,ekl-6,5.08569927,5.136770707,
Q22540,,3.408699796,4.305399014,
Q22601,apa-2,4.721658378,5.094689404,
Q22620;Q65ZK5,pars-1,5.960660274,6.397291436,
Q22623,mrpl-50,3.832123652,4.824166827,
Q22706,sec-5,4.26215795,5.35282933,
Q22716;B7WN95,rpl-32,6.224921453,6.714211151,
Q22718;REV__B6EU57,,4.843477475,4.863414351,
Q22743,raga-1,4.43076409,5.61882091,
Q22751,dnj-23,4.58014089,5.861226557,
Q22757,,4.119644744,5.524299762,
Q22781,acdh-7,5.841159921,6.632171805,
Q22792,,4.965579025,5.777418447,
Q22814,gst-13,4.517955438,5.112768668,
Q23068,,4.066997007,5.052582362,
Q23089;Q8MPS6,xpo-1,5.044420852,6.177115043,
Q23092,lbp-4,3.69916672,6.019273646,
Q23179,,6.051983494,6.322824014,
Q23202,sbds-1,4.204316698,5.037993562,
Q23223,mtr-4,4.761422027,4.812935316,
Q23237,pbs-3,5.2512444,6.293809148,
Q23312,rps-7,6.829636091,7.188093868,
Q23315,ears-1,6.145486951,6.211151006,
Q23368,sec-24.2,4.584759286,5.135017921,
Q23463,eftu-2,5.896520896,6.024826875,
Q23500,aco-1,5.421082476,5.839460673,
Q23543,lsm-7,5.634113444,6.807570797,
Q23621,gdh-1,6.435789369,6.550493215,
Q23635,,5.688930582,6.270727274,
Q23639,cul-5,4.087340233,4.761846625,
Q23651,elpc-3,5.299918686,5.517234653,
Q23652,,5.245870253,5.336803657,
Q23655,nlt-1,4.721032061,5.407048318,
Q23670;Q9N4W3,K12D12.1,5.70620361,5.930397511,
Q9U277;Q25AR8;Q8I4C9,unc-61,5.745432177,6.213918518,
Q27274,rop-1,6.617553071,6.63439611,
Q27389,rpl-16,7.203415561,7.361377504,
Q27464,gspd-1,5.489482349,5.593994508,
Q27474;Q27474-2,lig-1,5.033050477,5.220641291,
Q27481;C1P636;Q3S1J5,uba-1,6.290262624,6.662667427,
Q27488,pas-2,4.938105141,5.583243587,
Q27527;Q27527-3;Q27527-2,enol-1,6.3458916,6.469889156,
Q27532,his-74,4.613783648,5.125132124,
Q27535;P91251;REV__Q8MYP3;REV__Q56VX2,ZC434.8,6.951390577,7.354153176,
Q27GT3;Q9GYI4,psr-1,4.741826992,5.37981637,
Q27GT6,,6.943868587,7.936172706,
Q2A950;Q2A949,phf-10,4.655692546,5.150651956,
Q2AAB7,,4.578016472,5.025741377,
Q2EEM8,ttr-45,5.508425435,6.246838622,
Q2L6Y6,,5.383287179,5.669684108,
Q3LFN1;Q965W1,lbp-9,4.984538051,6.684307447,
Q3T978;Q9XWZ2,acdh-11,5.248551859,5.515657897,
Q3Y400,glrx-22,4.065571302,5.488800832,
Q3Y403,,4.933461448,5.882919504,
Q8MXD9;Q4W4Y5,,6.526968805,6.614600453,
Q5H9M9,hsp-25,7.083145476,7.373260331,
Q5WRM0;Q9XUT9,,6.148273356,6.652605311,
Q5WRT8;Q5WRT9;Q1NZ34,npp-21,4.89074873,5.101159391,
Q65XX2,Y54E10A.11,4.942225693,5.262353427,
Q688Z6;Q9BMU4,4D561,5.057559591,5.589421961,
Q6ABW4,gck-1,5.321321893,6.144298112,
Q6AW03,,5.828368817,6.338877539,
Q6EZG4,glrx-3,6.102357674,6.783472274,
Q7JKP6,hsr-9,3.888260291,4.550081827,
Q7JNG1;P91283,atp-3,5.058990476,5.707583925,
Q7JPE4,tat-4,5.526787309,5.758536798,
Q7K6X4;Q9U240,npp-16,3.639529761,4.426773883,
Q7YTI4,,5.021490626,5.182063258,
Q7YWV0,,4.452899155,5.751487658,
Q7YZM5,,7.140054573,7.203157125,
Q86B36;Q9GYS8,fars-1,6.14546948,6.475278632,
Q86GC2;Q86GC3,adr-1,4.478520643,4.665286875,
Q86NJ8;B3KLZ7;Q8IG64,ppw-1,5.983093063,6.093020561,
Q86S66,Y65B4BR.5,5.607534182,6.385045581,
Q8I4N3,npp-22,4.740652606,5.102923047,
Q8IAA9;Q8IAA8,clp-4,4.353857726,4.745039323,
Q8ITV7;Q8ITV6,,5.416257863,5.866675516,
Q8MQB5;P90762,rmd-2,5.417520416,6.122436092,
Q8MXH7,,4.855258368,6.297573079,
Q8MXJ7;O16518;Q86S57,alh-4,5.130069118,5.417937066,
Q8MXK1;O16249;Q8IA89;Q6A598;Q17593,,5.112182681,5.1598188,
Q8MXQ7,Y92H12BL.1,4.594926435,5.62144794,
Q8MXT1,prdx-6,5.391990365,6.506799239,
Q8MXT7,,5.353110985,5.742019466,
Q8MYL7,ctl-3,5.566719328,6.49419613,
Q8MYM8,,4.685588488,6.069291385,
Q8T3B6,,4.285858997,4.303092437,
Q8WQA8,rps-20,5.993802684,6.805933902,
Q8WQB3,apg-1,4.394931801,4.512221829,
Q8WTJ4,ubxn-6,5.976440216,6.066947446,
Q8WTL6,hpo-29,4.783484734,5.241198601,
Q8WTM0,,5.44640337,5.68763214,
Q93459,F10G8.6,5.734187895,6.312731116,
Q93535,,6.527875149,6.644673316,
Q93572,rpa-0,7.355023966,7.702253163,
Q93573,tct-1,6.320458623,7.736866226,
Q93761,F53C11.3,4.583830613,5.273742358,
Q93934,,6.476111958,6.603262575,
Q94216,dnj-11,5.479055898,5.869275901,
Q94218-2;Q94218,F38A5.1,4.981999794,5.982173911,
Q94230;Q93537,plp-1,5.826806801,6.914265694,
Q94261,cif-1,6.298029166,6.534967455,
Q94300,rpl-11.1,6.546303623,7.0630604,
Q95005,pas-4,3.792911157,6.327127883,
Q95008,pas-5,5.640055948,6.686294378,
Q95PX8;Q95PX7;Q95PX9;Q86MP0;Q86MN9,tcer-1,3.725346862,4.097796004,
Q95PZ0;C5VUK2,csn-6,5.657555734,6.298308605,
Q95PZ1,,4.747210495,5.675917635,
Q95QG8,fcp-1,5.207342411,5.301503674,
Q95QJ7,gpr-1,4.269139666,4.594248071,
Q95QL1,,4.677755457,5.080427966,
Q95QV8;Q8IG50;Q95QV7;Q8IG49;Q95QV6,tiar-1,6.255265737,6.299309592,
Q95QZ7;O01894;Q95QZ9,npl-4.1;npl-4.2,4.928479704,5.49400459,
Q95XJ0;Q95XI9;Q86DM7,,6.642382546,6.896037869,
Q95XL9;Q95XL8,chaf-2,4.86329546,5.399308082,
Q95XQ8,mcm-4,6.007363294,6.206347587,
Q95XR4,epg-2,4.026620421,4.850465906,
Q95XX1-2;Q95XX1,Y54G2A.17,5.004472163,5.637390144,
Q95XZ5,pqn-85,3.518333211,4.56654707,
Q95Y04,rps-28,5.001634657,5.802819248,
Q95Y15;Q95Y13,npp-8,4.746252159,4.888902722,
Q95Y26,,5.076418081,5.627297378,
Q95Y28,,5.659737221,6.13495467,
Q95Y69,orc-3,4.257498828,5.290862701,
Q95Y71,mrpl-45,4.793225806,5.124664016,
Q95Y90,rpl-9,6.151800289,6.430411688,
Q95Y97,rpa-2,5.579170097,7.142360296,
Q95YD5,vha-16,7.396982933,7.60626466,
Q95YF3,cgh-1,6.806239349,6.951212944,
Q95ZI4;Q8I4A5;Q8I4A4,lec-3,5.698355475,6.244311564,
Q95ZJ9;E4MYG2,,4.380631679,5.219921664,
Q95ZT6,,4.423290562,4.598753625,
Q965S0,rpb-9,4.561045855,5.903007883,
Q965S8,eif-3.I,5.914760152,6.249948903,
Q965W4,comt-4,4.087320259,4.315565441,
Q965Y1,map-1,5.144016901,5.359582657,
Q965Z4,,3.876574245,5.716027857,
Q966C6;Q966C6-2;Q95XE4;Q8MXR8,rpl-7A,6.295810166,6.882049279,
Q966L5;Q966L5-2,E01A2.2,4.980622942,5.245444901,
Q966M4,uri-1,4.438298175,5.383565777,
Q9BHK7,xrn-1,4.656145616,5.021977093,
Q9BHL6,aakg-1,4.808674509,4.918395231,
Q9BIC3;Q9GYT0;Q8T8N8,,6.607895793,7.074506863,
Q9BKR5,,4.522137016,4.557905828,
Q9BKU3,,6.567731539,6.737048721,
Q9BKU4,phb-1,5.527730261,6.034824919,
Q9BKU5;Q9BKU6,,7.424431772,7.649997195,
Q9BL15,,5.340840319,5.887425382,
Q9BL34,,5.314757828,5.850147275,
Q9BL57,,4.421082476,5.241465214,
Q9BL61,,5.871416448,6.218036998,
Q9BL64,,5.269848761,5.779872157,
Q9BLB6,mog-2,5.048196777,6.293910394,
Q9GRY9;E0R7K7,,4.839077647,5.737547148,
Q9GRZ9,tcc-1,5.397501541,5.544394847,
Q9GS00,csn-1,4.351396206,5.470024149,
Q9GYK4,,4.124988954,4.542457132,
Q9GYR5,,4.186835162,4.6047992,
Q9GZE9;Q8IA58,,5.948705341,6.615856431,
Q9GZH3;Q86DL2,T22D1.3,5.416856865,5.697789175,
Q9GZH4,ribo-1,5.352395508,5.789335045,
Q9N303,deps-1,5.683912803,6.145491811,
Q9N350,,5.506146984,6.299742637,
Q9N358,cct-8,5.923032117,6.333088698,
Q9N359,csn-4,5.637604313,5.693076976,
Q9N361,mrps-25,4.848595278,5.690363091,
Q9N363,dcap-1,5.718956454,6.322602959,
Q9N369,atg-3,5.371736984,6.116541708,
Q9N3F7,,5.976466,6.152557879,
Q9N3Q8,daf-25,4.03187193,5.062715749,
Q9N3S4;Q9N3S3;Q8MXS9,rnp-6,4.961248133,4.96924855,
Q9N3T2,crn-1,5.359209504,5.979182235,
Q9N3T5,spg-7,5.042520507,5.103645336,
Q9N3T8,msh-6,5.532500558,5.628595297,
Q9N3X2,rps-4,6.603366048,6.897503062,
Q9N425,csn-3,4.94999523,5.841569415,
Q9N492,pinn-1,4.886075117,5.821481212,
Q9N4A5,,4.619381583,5.573816888,
Q9N4A7;Q9N4A7-2,npp-20,4.694789585,5.458466595,
Q9N4B1,clp-7,5.743055586,5.832799198,
Q9N4D8,nlp-40,4.949638835,5.983362075,
Q9N4F1,,4.430120483,4.592028604,
Q9N4H4,pme-1,4.956387829,5.407853746,
Q9N4I4,rpl-10a,7.063972309,7.395105027,
Q9N4I5,,5.480560804,5.864004987,
Q9N4J2,vit-3,6.124732463,6.169079627,
Q9N4J8,cct-3,5.875632139,6.100948954,
Q9N4N4,swsn-6,5.717189507,6.055080943,
Q9N538,dhs-9,5.276850934,5.350525062,
Q9N584,,5.143736326,5.38695637,
Q9N595;G5ED69,elpc-1,5.12619609,5.228165501,
Q9N599,pas-3,4.564195087,5.775251665,
Q9N5B3,,5.84571305,6.739498873,
Q9N5K1,sacy-1,5.041300796,5.069308365,
Q9N5R9;Q9N5S0,spt-16,5.59023354,5.719765223,
Q9N5U5,,4.219518782,4.803143212,
Q9N5V3,imb-3,6.226417594,6.610924429,
Q9NA69,,4.758706087,4.844922248,
Q9NA80,sinh-1,4.381129554,4.801615331,
Q9NA98,arp-1,6.100656376,6.281658583,
Q9NAA5,Y53F4B.13,4.469426641,4.637864223,
Q9NAG4,mac-1,5.446009992,5.712142129,
Q9NAH7,aakb-2,5.257336808,5.898334505,
Q9NAI5;Q9U2J6,,4.275480225,4.793936927,
Q9NAI9,,5.721672285,5.76284499,
Q9NAN1,uba-2,4.925764452,5.810795401,
Q9NAP0,clec-190,6.040344812,6.419102142,
Q9NAP9,mrps-15,5.460205854,5.671738921,
Q9NDC9,lis-1,4.474329413,5.009894269,
Q9NEQ8;Q1RPT8,,4.557041373,5.649818798,
Q9NES7,,6.938189626,6.956418736,
Q9NEW8,taf-7.2,4.51191855,5.253296513,
Q9NF11,,5.524472037,5.590786863,
Q9NLD1;B3KYC2,hrp-2,6.630451326,6.896037869,
Q9TXI4,,5.824910316,6.868809159,
Q9TXP0,rps-27,7.228587263,7.60488166,
Q9TXR4,msh-2,4.386398321,4.916685392,
Q9TYS3,ftn-2,6.306974222,6.777318679,
Q9TYY0,,5.098909491,5.720574554,
Q9TYY8,,4.897233184,5.681993922,
Q9TZ69,ubc-20,5.367230862,6.250695049,
Q9TZS5;Q86S29,cct-7,5.909648108,6.219601447,
Q9U1Q3,cyn-15,5.03009809,5.736756693,
Q9U1Q4,vrs-2,5.78899839,6.318923282,
Q9U1R7,arx-3,5.915710144,5.962801463,
Q9U1V9;Q9U1W0,dnj-29,3.913271617,4.412192853,
Q9U1X9,rla-2,6.009112696,6.757621285,
Q9U221;Q95Q13,ung-1,4.435484827,5.712051948,
Q9U286,,5.233750667,5.674177873,
Q9U296;O44779,men-1,5.166644635,5.310658107,
Q9U2A6;Q8I0Z7,efhd-1,3.815114757,4.43735468,
Q9U2A8,rpl-43,5.646480844,6.109360162,
Q9U2C1;B2FDA8,smc-3,5.458934325,5.857491042,
Q9U2D9,gsy-1,6.153124123,6.436966463,
Q9U2F2,cpt-1,3.961888528,5.200026835,
Q9U2F6,vps-2,3.742768636,4.955331052,
Q9U2G0,Y46G5A.4,5.306841699,5.459274413,
Q9U2G5,mrp-7,4.094648793,4.435068915,
Q9U2H9;A3RMU4,eef-1B.2,6.03467705,7.351353643,
Q9U2K8,abce-1,4.796203658,5.975636441,
Q9U2P3,pap-1,4.317447112,5.107275176,
Q9U2Q8,fkb-2,5.555147659,6.456544883,
Q9U2Q9,gsk-3,5.663914057,6.14534456,
Q9U2S6;D3NQB1,cyn-13,5.113519929,5.115616779,
Q9U2S8;D3NQA7,,4.242669427,4.936072721,
Q9U2U0,uaf-2,5.188911045,5.87069995,
Q9U2U3;D3NQA8,,3.969028646,5.468107826,
Q9U2X0,prmt-1,5.714478402,6.288374877,
Q9U2Y2,Y113G7B.16,5.158667693,5.234479505,
Q9U2Z1,sec-23,5.516098841,5.748583536,
Q9U2Z5,,5.198325063,6.133926753,
Q9U332;Q9U332-2,rpl-31,6.670962844,6.861655869,
Q9U334,unc-59,5.291275417,6.022475423,
Q9U380,chaf-1,4.154426818,4.987105572,
Q9U3D6;Q93412,adr-1,5.708813921,5.724961594,
Q9U3I7;Q19583,,4.856551621,6.115728688,
Q9U3K7;G5ECW7,dpt-1,4.718302867,5.039469237,
Q9U3M0;REV__Q9U3M0,,5.364991765,7.450963306,
Q9U3P9,alkb-8,4.474657034,4.721218411,
Q9U3Q0,mrps-22,5.402740802,5.482289223,
Q9UA63,mrpl-30,4.387340348,5.768142511,
Q9UAV5;Q8IA49;Q8IA50,mdh-1,5.920135737,5.938052755,
Q9UB28;Q9UB29;Q9BKP3,let-805,7.017262916,7.115988003,
Q9XTI0,B0250.5,5.389288062,6.371401118,
Q9XTT4,ani-1,4.609111007,5.049909554,
Q9XTT9,rpt-6,6.242515751,6.575337565,
Q9XTU9,glrx-5,5.265775429,5.596809195,
Q9XU45,,5.78352494,6.306055793,
Q9XU67,rbd-1,3.5550252,4.145591534,
Q9XUB7,far-6,5.870528892,7.484753404,
Q9XUE3;Q2EEN1;E1B6W0;D3YT78,rsd-2,4.962501355,5.217916422,
Q9XUE6-2;Q9XUE6,F52B11.2,4.088018819,5.766213268,
Q9XUP3,eif-3.K,4.787048647,5.086829704,
Q9XUR4,,5.409822915,5.843839219,
Q9XUR6,,5.26015005,6.243668024,
Q9XUS4;Q69Z13;Q86D12;Q9XUS6;Q9XUS5;Q8WQE5,,5.899670881,5.960560715,
Q9XUS9,cyk-4,5.719706865,5.725211663,
Q9XV52;O62278,F29C12.4,5.168288905,5.579798031,
Q9XVE9,rpl-14,6.437594315,6.897763584,
Q9XVF7,rpl-8,6.725038765,7.135635359,
Q9XVH6,rpb-11,4.971278475,5.693332638,
Q9XVI9,mlc-5,6.060968848,6.767451239,
Q9XVK5,ubc-12,5.632169475,6.646565081,
Q9XVM0,letm-1,4.396149909,4.473653184,
Q9XVP0,rps-15,7.058094055,7.617140852,
Q9XVP9,,5.171081487,6.150506444,
Q9XVR6,otub-1,5.61455558,6.21799681,
Q9XVR7,mcm-3,5.873839754,6.628610911,
Q9XVS3,clec-87,4.759599128,5.793050382,
Q9XVU2,gln-5,5.480835332,6.469574009,
Q9XW16,pfn-1,6.719301524,7.414346256,
Q9XW20,,4.986306045,5.145710221,
Q9XWH0,bub-3,5.772984974,5.800366015,
Q9XWP6,spr-5,4.892003283,5.230319453,
Q9XWP7,eif-3.j,4.343096284,5.166838259,
Q9XWS4,rpl-30,6.551239194,7.11196394,
Q9XWS6,,7.474583341,8.094342257,
Q9XWT3,,8.034834865,8.507583947,
Q9XWT4,,6.486154223,6.627453959,
Q9XWT5,,5.202987248,5.960582525,
Q9XX00,sbp-1,5.561568964,5.838344655,
Q9XXA2,ebp-2,4.642454878,6.18787854,
Q9XXD2,exos-1,4.194580787,5.27708757,
Q9XXI7,cyn-16,4.464928643,4.614648827,
Q9XXI9,mcm-2,6.047518653,6.690484972,
Q9XXQ6;F3Y5P3,ttr-25,4.19596729,4.724160405,
Q9XXR5;Q22034,ttr-26,4.495446914,5.517234653,